title,url,hubby
Marlboro Man’s Second Favorite Sandwich,http://thepioneerwoman.com/cooking/2007/06/marlboro_mans_s/,14
Springy Shells,http://thepioneerwoman.com/cooking/2009/06/springy-shells/,8
"Firecracker Shrimp, Part 2",http://thepioneerwoman.com/cooking/2009/07/firecracker-shrimp-part-2-the-good-part/,8
Surf & Turf Cajun Pasta,http://thepioneerwoman.com/cooking/2012/09/surf-turf-cajun-pasta/,8
Chicken Fried Steak,http://thepioneerwoman.com/cooking/2011/02/chicken-fried-steak/,8
Spicy Roasted Chicken Legs,http://thepioneerwoman.com/cooking/2008/01/spicy_roasted_chicken_legs_-_tasty_and_easy_too/,8
My Favorite Meatloaf,http://thepioneerwoman.com/cooking/2010/09/my-favorite-meatloaf/,8
Roasted Garlic Mashed Potatoes,http://thepioneerwoman.com/cooking/2008/02/the_meal_of_love_part_2_roasted_garlic_mashed_potatoes/,7
My Top Ten Food Picks for Super Bowl Sunday,http://thepioneerwoman.com/cooking/2012/02/my-top-ten-food-picks-for-super-bowl-sunday/,7
Peach-Whiskey Barbecue Chicken,http://thepioneerwoman.com/cooking/2011/08/peach-whiskey-barbecue-chicken/,7
"The MM Sandwich, PW Style",http://thepioneerwoman.com/cooking/2011/01/the-mm-sandwich-pw-style/,6
Chicken Florentine Pasta,http://thepioneerwoman.com/cooking/2012/04/chicken-florentine-pasta/,6
The Best Lasagna. Ever.,http://thepioneerwoman.com/cooking/2007/06/the_best_lasagn/,6
Hyacinth’s Chicken Soup,http://thepioneerwoman.com/cooking/2007/06/cooking_with_hy/,6
Pineapple Skewered Shrimp,http://thepioneerwoman.com/cooking/2008/05/yummy-easy-pineapple-skewered-shrimp-or-is-it-skewered-pineapple-shrimp/,6
Pasta Primavera,http://thepioneerwoman.com/cooking/2007/08/pioneer_womans_/,6
Caveman Pops (aka Roasted Turkey Legs),http://thepioneerwoman.com/cooking/2011/10/caveman-pops-aka-roasted-turkey-legs/,6
Wings,http://thepioneerwoman.com/cooking/2007/09/wings/,6
Carb Buster Breakfast,http://thepioneerwoman.com/cooking/2013/10/carb-buster-breakfast/,6
The Marlboro Man Sandwich,http://thepioneerwoman.com/cooking/2007/06/marlboro_mans_f/,5
Buttery Thyme Bread,http://thepioneerwoman.com/cooking/2008/01/buttery_thyme_bread/,5
Pots de Crème a l’Orange,http://thepioneerwoman.com/cooking/2012/02/pots-de-creme-a-lorange/,5
Chicken Spaghetti,http://thepioneerwoman.com/cooking/2007/06/chicken_spaghet/,5
Steak with Burgundy Mushroom Sauce,http://thepioneerwoman.com/cooking/2010/03/steak-with-burgundy-mushroom-sauce/,5
Prime Rib,http://thepioneerwoman.com/cooking/2011/12/prime-rib/,5
Recipes from Today’s Food Network Show,http://thepioneerwoman.com/cooking/2012/02/recipes-from-todays-food-network-show/,5
Spicy Spinach-Stuffed Mushrooms,http://thepioneerwoman.com/cooking/2012/02/spicy-spinach-stuffed-mushrooms/,5
Olive Cheese Bread.,http://thepioneerwoman.com/cooking/2007/06/olive_cheese_br/,5
Drop Biscuits and Sausage Gravy,http://thepioneerwoman.com/cooking/2013/03/drop-biscuits-and-sausage-gravy/,5
Make This Today,http://thepioneerwoman.com/cooking/2011/05/make-this-today/,5
Chicken with Mustard Cream Sauce,http://thepioneerwoman.com/cooking/2012/02/chicken-with-mustard-cream-sauce/,5
Lemon Blueberry Pancakes,http://thepioneerwoman.com/cooking/2011/09/lemon-blueberry-pancakes/,5
"Pasta with Whiskey, Wine, and Mushrooms",http://thepioneerwoman.com/cooking/2011/08/pasta-with-whiskey-wine-and-mushrooms/,5
"Marinated Flank Steak, Part 2",http://thepioneerwoman.com/cooking/2009/01/marinated-flank-steak-part-2-come-to-mama/,5
Baked Ziti,http://thepioneerwoman.com/cooking/2012/11/baked-ziti/,4
Italian Sloppy Joes,http://thepioneerwoman.com/cooking/2012/09/italian-sloppy-joes/,4
Corn Dog Muffins,http://thepioneerwoman.com/cooking/2012/10/corn-dog-muffins/,4
Sunday Frittata,http://thepioneerwoman.com/cooking/2013/12/sunday-frittata/,4
Spicy Shredded Pork,http://thepioneerwoman.com/cooking/2008/08/spicy-shredded-pork/,4
Fresh Green Beans,http://thepioneerwoman.com/cooking/2008/06/fresh-green-beans-one-way/,4
A Triumph,http://thepioneerwoman.com/cooking/2011/06/a-triumph/,4
Spicy Stewed Beef with Creamy Cheddar Grits,http://thepioneerwoman.com/cooking/2012/01/spicy-stewed-beef-with-creamy-cheddar-grits/,4
Tres Leches Cake,http://thepioneerwoman.com/cooking/2009/09/tres-leches-cake/,4
Roasted Beef Tenderloin,http://thepioneerwoman.com/cooking/2007/07/roasted_beef_te/,4
Chicken Scallopine,http://thepioneerwoman.com/cooking/2009/03/chicken-scallopine/,4
Recipes from Tomorrow’s Show!,http://thepioneerwoman.com/cooking/2013/03/recipes-from-tomorrows-show-2/,4
Roasted Spaghetti Squash with Kale,http://thepioneerwoman.com/cooking/2013/11/roasted-spaghetti-squash-with-kale/,4
Portobello-Prosciutto Burgers,http://thepioneerwoman.com/cooking/2010/08/portobello-prosciutto-burgers/,4
Ranch Style Chicken,http://thepioneerwoman.com/cooking/2009/01/ranch-style-chicken/,4
"Sausage, Potato, and Kale Soup",http://thepioneerwoman.com/cooking/2011/10/sausage-potato-and-kale-soup/,4
