title,url,yummy
Pig Cake,http://thepioneerwoman.com/cooking/2011/01/pig-cake/,21
Salad Tacos,http://thepioneerwoman.com/cooking/2013/01/salad-tacos/,21
Springy Shells,http://thepioneerwoman.com/cooking/2009/06/springy-shells/,19
Perfect Pound Cake,http://thepioneerwoman.com/cooking/2010/01/perfect-pound-cake/,19
Apricot Bars,http://thepioneerwoman.com/cooking/2008/05/apricot-bars-are-they-for-breakfastor-dessert/,18
Spicy Spinach-Stuffed Mushrooms,http://thepioneerwoman.com/cooking/2012/02/spicy-spinach-stuffed-mushrooms/,18
Sunday Night Stew,http://thepioneerwoman.com/cooking/2013/01/sunday-night-stew/,18
Cauliflower Soup,http://thepioneerwoman.com/cooking/2009/01/cauliflower-soup/,18
Delicious Cheddar Puffs,http://thepioneerwoman.com/cooking/2009/12/cheese-puffs/,17
Thai Chicken Wraps,http://thepioneerwoman.com/cooking/2013/02/thai-chicken-wraps/,17
Migas,http://thepioneerwoman.com/cooking/2008/09/ree-drummond-migas/,17
Monday Night Stir Fry,http://thepioneerwoman.com/cooking/2008/12/monday-night-stir-fry/,17
Cornbread Dressing with Sausage and Apples,http://thepioneerwoman.com/cooking/2010/10/cornbread-dressing-with-sausage-and-apples/,16
Yummy Grilled Zucchini,http://thepioneerwoman.com/cooking/2012/08/grilled-zucchini-with-yummy-lemon-salt/,16
Pasta alla Marlboro Man,http://thepioneerwoman.com/cooking/2009/03/monday-night-dinner-pasta-alla-marlboro-man/,16
Creamy Lemon Basil Potato Salad,http://thepioneerwoman.com/cooking/2012/06/creamy-lemon-basil-potato-salad/,16
Chicken with Tomatoes and Garlic,http://thepioneerwoman.com/cooking/2010/04/chicken-with-tomatoes-and-garlic/,16
Homemade Chicken and Noodles,http://thepioneerwoman.com/cooking/2010/01/homemade-chicken-and-noodles/,16
Vanilla Cupcakes with Vanilla Cream Cheese Icing,http://thepioneerwoman.com/cooking/2011/04/basic-vanilla-cupcakes-with-vanilla-cream-cheese-icing/,16
Chicken Spaghetti,http://thepioneerwoman.com/cooking/2007/06/chicken_spaghet/,16
Homemade Applesauce,http://thepioneerwoman.com/cooking/2013/10/homemade-applesauce/,16
Pork Chops with Pineapple Fried Rice,http://thepioneerwoman.com/cooking/2012/03/pork-chops-with-pineapple-fried-rice/,16
"Pretty, Yummy Fruit Salad",http://thepioneerwoman.com/cooking/2013/03/pretty-fruit-salad/,15
Beef and Bean Burritos,http://thepioneerwoman.com/cooking/2010/07/brown-hot-and-plenty-of-it-vol-i/,15
My Mom’s Muffins,http://thepioneerwoman.com/cooking/2013/04/my-moms-muffins/,15
Lemon and Grape Granita,http://thepioneerwoman.com/cooking/2010/06/lemon-and-grape-granita/,15
Yogurt Cream and Berries,http://thepioneerwoman.com/cooking/2008/06/yogurt-cream-and-berries/,15
Chicken Taco Salad,http://thepioneerwoman.com/cooking/2013/07/chicken-taco-salad/,15
Boston Baked Beans,http://thepioneerwoman.com/cooking/2010/01/the-lost-reicpe-boston-baked-beans/,15
Sleepin’ in Omelette,http://thepioneerwoman.com/cooking/2008/05/sleepin-in-omlette/,15
Cowboy Breakfast Sandwiches,http://thepioneerwoman.com/cooking/2008/10/cowboy-breakfast-sandwiches/,15
Sour Cream Noodle Bake,http://thepioneerwoman.com/cooking/2011/03/sour-cream-noodle-bake/,15
Rosemary Skewers,http://thepioneerwoman.com/cooking/2010/06/rosemary-skewers/,15
My Favorite Pumpkin Recipes,http://thepioneerwoman.com/cooking/2013/09/my-favorite-pumpkin-recipes/,15
Cooking With Ryan: Zucchini Cakes!,http://thepioneerwoman.com/cooking/2008/07/cooking-with-ryan-zucchini-cakes/,15
Farfalle with Zucchini,http://thepioneerwoman.com/cooking/2008/07/farfalle-with-zucchini-a-yummy-summer-meal/,15
Potato Skins,http://thepioneerwoman.com/cooking/2012/06/potato-skins/,15
Fried Round Steak,http://thepioneerwoman.com/cooking/2010/08/fried-round-steak/,15
Yummy Slice-and-Bake Cookies,http://thepioneerwoman.com/cooking/2012/08/yummy-slice-and-bake-cookies/,15
Hot Olive & Artichoke Dip,http://thepioneerwoman.com/cooking/2009/06/hot-olive-artichoke-dip-yummy/,15
Big Recipe Contest + Cookout at the Ranch,http://thepioneerwoman.com/cooking/2012/04/big-recipe-contest-cookout-at-the-ranch/,15
Grilled Chicken with Lemon Basil Pasta,http://thepioneerwoman.com/cooking/2010/07/grilled-chicken-with-lemon-basil-pasta/,15
"Pasta Salad with Tomatoes, Zucchini, and Feta",http://thepioneerwoman.com/cooking/2011/03/pasta-salad-with-tomatoes-zucchini-and-feta/,15
Baked Acorn Squash,http://thepioneerwoman.com/cooking/2008/10/delicious-baked-acorn-squash/,14
Pasta alla Vodka,http://thepioneerwoman.com/cooking/2008/12/friday-night-dinner-pasta-alla-vodka/,14
Huevo in the Hole,http://thepioneerwoman.com/cooking/2012/07/huevo-in-the-hole/,14
Stuffed Mushrooms,http://thepioneerwoman.com/cooking/2009/08/stuffed-mushrooms-baby/,14
Steak Bites,http://thepioneerwoman.com/cooking/2009/01/steak-bites/,14
Polvorones…and Piglet,http://thepioneerwoman.com/cooking/2010/11/polvorones-and-piglet/,14
Tom’s Trinidadian Chicken Curry,http://thepioneerwoman.com/cooking/2010/03/toms-trinidadian-chicken-curry/,14
